[
    {
      "id": 1,
      "companyName": "Linear company",
      "jobTitle": "Software Engineer",
      "companyLogo": "/images/Linear.png",
      "minPrice": "20",
      "maxPrice": "30",
      "salaryType": "Yearly",
      "jobLocation": "Brussels",
      "postingDate": "2024-05-05",
      "experienceLevel": "Any experience",
      "employmentType": "Full-time",
      "description": "Join Linear, Brussels as a Software Engineer. Develop cutting-edge software solutions, collaborate with cross-functional teams, and contribute to the innovation culture."
    },
    {
      "id": 2,
      "companyName": "Notion",
      "jobTitle": "Web Developer",
      "companyLogo": "/images/Notion.png",
      "minPrice": "40",
      "maxPrice": "50",
      "salaryType": "Yearly",
      "jobLocation": "San Francisco",
      "postingDate": "2024-05-11",
      "experienceLevel": "Internship",
      "employmentType": "Temporary",
      "description": "Web Developer opportunity at Notions, San Francisco. Craft dynamic, user-centric web experiences using your expertise in HTML, CSS, and JavaScript."
    },
    {
      "id": 3,
      "companyName": "Spline studio",
      "jobTitle": "Data Scientist",
      "companyLogo": "/images/Spline.png",
      "minPrice": "40",
      "maxPrice": "50",
      "salaryType": "Yearly",
      "jobLocation": "Seattle",
      "postingDate": "2024-06-05",
      "experienceLevel": "Any experience",
      "employmentType": "Full-time", 
      "description": "Exciting role at Spline Studio, Seattle for a Data Scientist. Leverage advanced analytics and machine learning techniques to derive insights and drive decision-making."
    },
    {
      "id": 4,
      "companyName": "Raycast corp",
      "jobTitle": "UI/UX Designer",
      "companyLogo": "/images/Raycast.png",
      "minPrice": "40",
      "maxPrice": "50",
      "salaryType": "Monthly",
      "jobLocation": "London",
      "postingDate": "2024-06-03",
      "experienceLevel": "Work remotely",
      "employmentType": "Part-time",
      "description": "Raycast Corp in London seeks a skilled UI/UX Designer to shape intuitive user experiences. Collaborate with cross-functional teams to design sleek interfaces."
    },
    {
      "id": 5,
      "companyName": "Loom",
      "jobTitle": "Frontend Developer",
      "companyLogo": "/images/Loom.png",
      "minPrice": "50",
      "maxPrice": "75",
      "salaryType": "Yearly",
      "jobLocation": "London",
      "postingDate": "2024-05-28",
      "experienceLevel": "Intership",
      "employmentType": "Full-time",
      "description": "Loom, London, is seeking a Frontend Developer proficient in HTML, CSS, and JavaScript. Collaborate with design and backend teams to implement engaging user interfaces."
    },
    {
      "id": 6,
      "companyName": "Trainline group",
      "jobTitle": "DevOps Engineer",
      "companyLogo": "/images/Trainline.png",
      "minPrice": "80",
      "maxPrice": "120",
      "salaryType": "Yearly",
      "jobLocation": "Boston",
      "postingDate": "2024-05-25",
      "experienceLevel": "Intership",
      "employmentType": "Temporary",
      "description": "Join Trainline Group in Boston as a DevOps Engineer. Drive efficiency by automating processes, implementing CI/CD pipelines, and managing cloud infrastructure."
    },
    {
      "id": 1,
      "companyName": "Linear company",
      "jobTitle": "Software Engineer",
      "companyLogo": "/images/Linear.png",
      "minPrice": "30",
      "maxPrice": "80",
      "salaryType": "Yearly",
      "jobLocation": "Brussels",
      "postingDate": "2024-05-15",
      "experienceLevel": "Any experience",
      "employmentType": "Full-time",
      "description": "Join Linear, Brussels as a Software Engineer. Develop cutting-edge software solutions, collaborate with cross-functional teams, and contribute to the innovation culture."
    },
    {
      "id": 2,
      "companyName": "Notion",
      "jobTitle": "Web Developer",
      "companyLogo": "/images/Notion.png",
      "minPrice": "40",
      "maxPrice": "50",
      "salaryType": "Yearly",
      "jobLocation": "San Francisco",
      "postingDate": "2024-11-10",
      "experienceLevel": "Internship",
      "employmentType": "Temporary",
      "description": "Web Developer opportunity at Notions, San Francisco. Craft dynamic, user-centric web experiences using your expertise in HTML, CSS, and JavaScript."
    },
    {
      "id": 3,
      "companyName": "Spline studio",
      "jobTitle": "Data Scientist",
      "companyLogo": "/images/Spline.png",
      "minPrice": "40",
      "maxPrice": "50",
      "salaryType": "Yearly",
      "jobLocation": "Seattle",
      "postingDate": "2024-05-30",
      "experienceLevel": "Any experience",
      "employmentType": "Full-time", 
      "description": "Exciting role at Spline Studio, Seattle for a Data Scientist. Leverage advanced analytics and machine learning techniques to derive insights and drive decision-making."
    },
    {
      "id": 4,
      "companyName": "Raycast corp",
      "jobTitle": "UI/UX Designer",
      "companyLogo": "/images/Raycast.png",
      "minPrice": "40",
      "maxPrice": "50",
      "salaryType": "Monthly",
      "jobLocation": "London",
      "postingDate": "2024-04-05",
      "experienceLevel": "Work remotely",
      "employmentType": "Part-time",
      "description": "Raycast Corp in London seeks a skilled UI/UX Designer to shape intuitive user experiences. Collaborate with cross-functional teams to design sleek interfaces."
    },
    {
      "id": 5,
      "companyName": "Loom",
      "jobTitle": "Frontend Developer",
      "companyLogo": "/images/Loom.png",
      "minPrice": "50",
      "maxPrice": "75",
      "salaryType": "Yearly",
      "jobLocation": "London",
      "postingDate": "2024-05-28",
      "experienceLevel": "Intership",
      "employmentType": "Full-time",
      "description": "Loom, London, is seeking a Frontend Developer proficient in HTML, CSS, and JavaScript. Collaborate with design and backend teams to implement engaging user interfaces."
    },
    {
      "id": 6,
      "companyName": "Trainline group",
      "jobTitle": "DevOps Engineer",
      "companyLogo": "/images/Trainline.png",
      "minPrice": "80",
      "maxPrice": "120",
      "salaryType": "Yearly",
      "jobLocation": "Boston",
      "postingDate": "2024-06-06",
      "experienceLevel": "Intership",
      "employmentType": "Temporary",
      "description": "Join Trainline Group in Boston as a DevOps Engineer. Drive efficiency by automating processes, implementing CI/CD pipelines, and managing cloud infrastructure."
    }
  ]
  